﻿<?xml version="1.0" encoding="utf-8"?>
<ICDProject
  Name="cslsjv5"
  Description=""
  Version="2024.206.0.0+804f88201fdc29e98e2cd035f72041d04f4b7f1a"
  Id="{c5d6a829-db19-4a74-94b1-8f60a2276919}"
  TemplateName="Provisioning package"
  TemplateType="ProvisioningPackage">
  <TargetEditions>
    <Sku>
      <StoreType>File</StoreType>
      <Name>All Windows editions</Name>
      <SourcePath>Microsoft-Common-Provisioning.dat</SourcePath>
      <Edition>WindowsCommon</Edition>
      <Version>10.0</Version>
      <Description>Selecting this option will display settings that apply to all Windows editions.</Description>
    </Sku>
    <Sku>
      <StoreType>File</StoreType>
      <Name>All Windows desktop editions</Name>
      <SourcePath>Microsoft-Desktop-Provisioning.dat</SourcePath>
      <Edition>Desktop</Edition>
      <Version>10.0</Version>
      <Description>Selecting this option will display settings that are specific to the desktop editions as well as settings that are common to all Windows editions.</Description>
    </Sku>
  </TargetEditions>
</ICDProject>