﻿<?xml version="1.0" encoding="utf-8"?>
<WindowsCustomizations>
  <PackageConfig xmlns="urn:schemas-Microsoft-com:Windows-ICD-Package-Config.v1.0">
    <ID>{20c98e8d-6fb4-404d-a3fe-989f9b228e2a}</ID>
    <Name>Intune_Enrollment_lab</Name>
    <Version>1.2</Version>
    <OwnerType>OEM</OwnerType>
    <Rank>0</Rank>
    <Notes></Notes>
  </PackageConfig>
  <Settings xmlns="urn:schemas-microsoft-com:windows-provisioning">
    <Customizations>
      <Common>
        <DevDetail>
          <DNSComputerName>PKG-%SERIAL%</DNSComputerName>
        </DevDetail>
        <OOBE>
          <Desktop>
            <HideOobe>True</HideOobe>
          </Desktop>
        </OOBE>
        <Policies>
          <ApplicationManagement>
            <AllowAllTrustedApps>Yes</AllowAllTrustedApps>
          </ApplicationManagement>
        </Policies>
      </Common>
    </Customizations>
  </Settings>
</WindowsCustomizations>